from,to,relation
lohuis,niederlande,1
todorova,bulgarien,1
timmerman,niederlande,1
kohn,deutschland,1
vyver,belgien,1
nowicka,polen,1
lee,usa,1
palleres,spanien,1
jasper,niederlande,1
dornheim,deutschland,1
rivers,usa,1
berger,deutschland,1
koskelo,finnland,1
grundt,deutschland,1
lohuis,setup,2
lohuis,papendal,2
lohuis,almelo,2
lohuis,alterno,2
lohuis,münster,2
todorova,cannes,2
todorova,cannet,2
todorova,zürich,2
todorova,pfeffingen,2
todorova,maritza,2
timmerman,papendal,2
timmerman,apeldoorn,2
timmerman,twente,2
timmerman,aachen,2
kohn,ulm,2
kohn,os,2
kohn,bs,2
vyver,kieldrecht,2
vyver,cannes,2
vyver,ljublijana,2
vyver,vilsbiburg,2
nowicka,szczyrk,2
lee,aquafairies,2
lee,beylikdüzü,2
lee,conegliano,2
lee,penn,2
palleres,brescia,2
palleres,dresden,2
palleres,monza,2
palleres,barcelona,2
jasper,thüringen,2
jasper,sneek,2
dornheim,stuttgart,2
dornheim,bs,2
rivers,alabama,2
rivers,angels,2
rivers,bar,2
berger,tübingen,2
berger,berlin,2
koskelo,branik,2
koskelo,viesti,2
koskelo,kimmo,2
koskelo,pallo,2
grundt,mtv,2
grundt,bs,2